word,female_count,male_count,Unisex_count,f_m_ratio,sentiment
lost,1,9,8,0.2,-0.318
compliments,0,12,15,0.077,0.402
friends,0,5,2,0.167,0.477
mistakes,1,6,0,0.286,-0.361
missing,1,9,7,0.2,-0.296
punished,0,6,15,0.143,-0.459
bonus,1,6,3,0.286,0.542
loses,0,4,1,0.2,-0.318
authority,1,7,2,0.25,0.077
perfect,4,26,10,0.185,0.572
complain,0,5,4,0.167,-0.361
